Password,President,Vice President,Secretary,Treasurer,Reporter
TbH3snM,Candidate A,Candidate B,Candidate C,Candidate E,Candidate G
wNJwTUs,Candidate A,Candidate B,Candidate C,Candidate E,Candidate G
T2LuxHs,Candidate A,Candidate B,Candidate C,Candidate E,Candidate G
9YE26G3,Candidate A,Candidate B,Candidate C,Candidate E,Candidate F
BA7oqMy,Candidate A,Candidate B,Candidate D,Candidate E,Candidate F
4gZg6PZ,Candidate A,Candidate B,Candidate C,Candidate E,Candidate G
4cjcwaA,Candidate A,Candidate B,Candidate C,Candidate E,Candidate F
xTdGUGg,Candidate A,Candidate B,Candidate C,Candidate E,Candidate G
CnpK4HU,Candidate A,Candidate B,Candidate D,Candidate E,Candidate G
gfMKUwj,Candidate A,Candidate B,Candidate C,Candidate E,Candidate G
9CnBYCs,Candidate A,Candidate B,Candidate D,Candidate E,Candidate G
DrPuqYD,Candidate A,Candidate B,Candidate D,Candidate E,Candidate G
8uAnZGH,Candidate A,Candidate B,Candidate C,Candidate E,Candidate G
HPMLqjk,Candidate A,Candidate B,Candidate D,Candidate E,Candidate F
jquGcPU,Candidate A,Candidate B,Candidate C,Candidate E,Candidate G
iptkvY9,Candidate A,Candidate B,Candidate C,Candidate E,Candidate G
9ZDrf2Y,Candidate A,Candidate B,Candidate C,Candidate E,Candidate G
J9BCyPs,Candidate A,Candidate B,Candidate C,Candidate E,Candidate F
zJhkFPB,Candidate A,Candidate B,Candidate C,Candidate E,Candidate G
J7ciUXd,Candidate A,Candidate B,Candidate D,Candidate E,Candidate G
MhsZBWN,Candidate A,Candidate B,Candidate C,Candidate E,Candidate F
hU4ymbX,Candidate A,Candidate B,Candidate C,Candidate E,Candidate G
MEKgkyf,Candidate A,Candidate B,Candidate C,Candidate E,Candidate G
zhi3ZRf,Candidate A,Candidate B,Candidate D,Candidate E,Candidate G
NvBrjDy,Candidate A,Candidate B,Candidate D,Candidate E,Candidate G
gp428Mj,Candidate A,Candidate B,Candidate C,Candidate E,Candidate G
TbH3snM,Candidate A,Candidate B,Candidate C,Candidate E,Candidate G
WdRu8GB,Candidate A,Candidate B,Candidate C,Candidate E,Candidate G
ZmeGhNu,Candidate A,Candidate B,Candidate C,Candidate E,Candidate F
ybjDAfd,Candidate A,Candidate B,Candidate D,Candidate E,Candidate F
BrrwggV,Candidate A,Candidate B,Candidate C,Candidate E,Candidate G
i3vzfwJ,Candidate A,Candidate B,Candidate C,Candidate E,Candidate F
HM2J4t9,Candidate A,Candidate B,Candidate C,Candidate E,Candidate F
nFeG9Fh,Candidate A,Candidate B,Candidate C,Candidate E,Candidate G
8aeqyTj,Candidate A,Candidate B,Candidate D,Candidate E,Candidate G
mDEUfX7,Candidate A,Candidate B,Candidate C,Candidate E,Candidate G
WYbqYtP,Candidate A,Candidate B,Candidate C,Candidate E,Candidate G
XfaasDD,Candidate A,Candidate B,Candidate D,Candidate E,Candidate G
nmetzWp,Candidate A,Candidate B,Candidate D,Candidate E,Candidate G
ECRothA,Candidate A,Candidate B,Candidate C,Candidate E,Candidate G
rJdfBMr,Candidate A,Candidate B,Candidate C,,Candidate F
vZXiHDx,Candidate A,Candidate B,Candidate D,Candidate E,Candidate F
sKKMJqt,Candidate A,Candidate B,Candidate D,Candidate E,Candidate G
gh7qf4D,Candidate A,Candidate B,Candidate C,Candidate E,Candidate G
axieGJk,Candidate A,Candidate B,Candidate C,Candidate E,Candidate F
EsgdZ9X,Candidate A,Candidate B,Candidate C,,Candidate G
kxGVjKo,Candidate A,Candidate B,Candidate C,Candidate E,Candidate G
sHo3gAa,Candidate A,Candidate B,Candidate C,Candidate E,Candidate G
ADxLiJG,Candidate A,Candidate B,Candidate C,Candidate E,Candidate F
sGj9RXk,Candidate A,Candidate B,Candidate D,Candidate E,Candidate G
K9XAYRT,Candidate A,Candidate B,Candidate C,Candidate E,Candidate G
gbV7NtB,Candidate A,Candidate B,Candidate C,Candidate E,Candidate F
Pp9sbrn,Candidate A,Candidate B,Candidate C,Candidate E,Candidate G
8zcYM6q,Candidate A,Candidate B,Candidate C,Candidate E,Candidate F
4uAraTK,Candidate A,Candidate B,Candidate D,Candidate E,Candidate G
sWDaCeF,Candidate A,Candidate B,Candidate C,Candidate E,Candidate G
WJMYtCB,Candidate A,Candidate B,Candidate C,Candidate E,Candidate G
fjyDXuZ,Candidate A,Candidate B,Candidate D,Candidate E,Candidate G
DyTA7MG,Candidate A,Candidate B,Candidate C,Candidate E,Candidate F
oFZHVfA,Candidate A,Candidate B,Candidate C,Candidate E,Candidate F
PL3RGV9,Candidate A,Candidate B,Candidate C,Candidate E,Candidate G
Dk762bd,Candidate A,Candidate B,Candidate D,Candidate E,Candidate G
B8FMuvm,Candidate A,Candidate B,Candidate C,,Candidate G
XkMp7yT,Candidate A,Candidate B,Candidate C,Candidate E,Candidate G
c2eW8JW,Candidate A,Candidate B,Candidate D,Candidate E,Candidate G
kxGVjKo,Candidate A,Candidate B,Candidate C,Candidate E,Candidate G
w8LJzKf,Candidate A,Candidate B,Candidate C,,Candidate G
vuH3uuq,Candidate A,Candidate B,Candidate D,Candidate E,Candidate G
M8pJL73,Candidate A,Candidate B,Candidate C,Candidate E,Candidate F
tNpvvnj,Candidate A,Candidate B,Candidate C,Candidate E,Candidate F
qgBGvTr,Candidate A,Candidate B,Candidate C,Candidate E,Candidate G
BVAdmgf,Candidate A,Candidate B,Candidate C,Candidate E,Candidate G
XGtRoXV,Candidate A,Candidate B,Candidate D,Candidate E,Candidate F
vyUXFjC,Candidate A,Candidate B,Candidate D,Candidate E,Candidate G
eFj2kGe,Candidate A,Candidate B,Candidate C,Candidate E,Candidate F
RNcTFwG,Candidate A,Candidate B,Candidate C,Candidate E,Candidate F
YUctx2D,Candidate A,Candidate B,Candidate C,Candidate E,Candidate G
g3XoBpp,Candidate A,Candidate B,Candidate C,Candidate E,Candidate F
9FxPb4m,Candidate A,Candidate B,Candidate C,Candidate E,Candidate G
Rgq66yg,Candidate A,Candidate B,Candidate D,Candidate E,Candidate F
RnmVWFK,Candidate A,Candidate B,Candidate C,Candidate E,Candidate F
BAvywdt,Candidate A,Candidate B,Candidate C,Candidate E,Candidate F
FpfNkyb,Candidate A,Candidate B,Candidate C,Candidate E,Candidate G
bGL9qDz,Candidate A,Candidate B,Candidate C,Candidate E,Candidate G
WL4neru,Candidate A,Candidate B,Candidate C,Candidate E,Candidate F
6TJZLK3,Candidate A,Candidate B,Candidate D,Candidate E,Candidate G
WRKbXDa,Candidate A,Candidate B,Candidate C,Candidate E,Candidate G
FZvXKWB,Candidate A,Candidate B,Candidate D,Candidate E,Candidate F
HvV3KuM,Candidate A,Candidate B,Candidate D,Candidate E,Candidate F
FAKJpon,,Candidate B,Candidate C,Candidate E,Candidate F
8EYfFrw,Candidate A,Candidate B,Candidate C,Candidate E,Candidate G
oanNrKm,Candidate A,Candidate B,Candidate C,Candidate E,Candidate G
9icoWDu,Candidate A,Candidate B,Candidate C,,Candidate G
hEBnJMg,Candidate A,Candidate B,Candidate C,,Candidate F
hkgP4WT,Candidate A,Candidate B,Candidate D,Candidate E,Candidate G
B9Csua4,Candidate A,Candidate B,Candidate C,Candidate E,Candidate F
sHYofZw,Candidate A,Candidate B,Candidate C,Candidate E,Candidate F
MEwR4Pf,Candidate A,Candidate B,Candidate C,Candidate E,Candidate G
gA74jCu,Candidate A,Candidate B,Candidate C,Candidate E,Candidate F
Yodkb4q,Candidate A,Candidate B,Candidate C,Candidate E,Candidate G
pP8x9sP,Candidate A,Candidate B,Candidate D,Candidate E,Candidate F
eezaMak,Candidate A,Candidate B,Candidate C,Candidate E,Candidate G
ULozPLq,Candidate A,Candidate B,Candidate C,Candidate E,Candidate G
KEL6CDo,Candidate A,Candidate B,Candidate D,Candidate E,Candidate F
f4RwDLm,Candidate A,Candidate B,Candidate D,Candidate E,Candidate F
wLWUEjo,Candidate A,Candidate B,Candidate C,Candidate E,Candidate F
bzLpiUB,Candidate A,Candidate B,Candidate C,Candidate E,Candidate F
ZtFZTA6,Candidate A,Candidate B,Candidate D,Candidate E,Candidate F
anmfsRx,Candidate A,Candidate B,Candidate C,Candidate E,Candidate G
RWTDKyi,Candidate A,Candidate B,Candidate C,Candidate E,Candidate G
gqvNmBc,Candidate A,Candidate B,Candidate C,Candidate E,Candidate G
MaqqTYb,Candidate A,Candidate B,Candidate D,Candidate E,Candidate G
4RV9vq4,Candidate A,Candidate B,Candidate C,Candidate E,Candidate F
PFV9aK3,Candidate A,Candidate B,Candidate C,Candidate E,Candidate G
oGM6iMX,Candidate A,Candidate B,Candidate C,Candidate E,Candidate F
Ni3dgpr,Candidate A,Candidate B,Candidate D,Candidate E,Candidate G
EtsBejZ,Candidate A,Candidate B,Candidate C,Candidate E,Candidate G
A9mbZ9P,Candidate A,Candidate B,Candidate C,Candidate E,Candidate F
wbTwy82,Candidate A,Candidate B,Candidate C,Candidate E,Candidate G
hJBpywf,Candidate A,Candidate B,Candidate C,Candidate E,Candidate F
xBNAFAZ,Candidate A,Candidate B,Candidate C,Candidate E,Candidate G
T3DrtLJ,Candidate A,Candidate B,Candidate C,Candidate E,Candidate F
FryHprG,Candidate A,Candidate B,Candidate C,Candidate E,Candidate F
vLmbKdg,Candidate A,Candidate B,Candidate C,Candidate E,Candidate F
kDKj6ep,Candidate A,Candidate B,Candidate D,Candidate E,Candidate G
hiqeYHH,Candidate A,Candidate B,Candidate C,Candidate E,Candidate F
3RbuwcG,Candidate A,Candidate B,Candidate C,Candidate E,Candidate F
XgyMGF9,Candidate A,Candidate B,Candidate C,Candidate E,Candidate F
JFrsV2P,Candidate A,Candidate B,Candidate C,Candidate E,Candidate G
dfpnpmZ,Candidate A,Candidate B,Candidate C,Candidate E,Candidate F
LL4Xyjr,Candidate A,Candidate B,Candidate C,Candidate E,Candidate G
gtiKTpn,Candidate A,Candidate B,Candidate C,Candidate E,Candidate F
L2eF2kE,Candidate A,Candidate B,Candidate C,Candidate E,Candidate G
4FfK8r8,Candidate A,Candidate B,Candidate C,Candidate E,Candidate F
w8xDEmZ,Candidate A,Candidate B,Candidate C,Candidate E,Candidate F
jAqJ7mm,Candidate A,Candidate B,Candidate D,Candidate E,Candidate F
hgCM4iy,Candidate A,Candidate B,Candidate C,Candidate E,Candidate G
T4RhsMT,Candidate A,Candidate B,Candidate C,Candidate E,Candidate F
aMDYfAE,Candidate A,Candidate B,Candidate C,Candidate E,Candidate F
6gaDbqh,Candidate A,Candidate B,Candidate C,Candidate E,Candidate G
TaLuFp7,Candidate A,Candidate B,Candidate D,Candidate E,Candidate G
kA4KCPe,Candidate A,Candidate B,Candidate C,Candidate E,Candidate F
pkR4sp4,Candidate A,Candidate B,Candidate C,Candidate E,Candidate G
mcGNbd4,Candidate A,Candidate B,Candidate C,Candidate E,Candidate F
PwGMyTq,Candidate A,Candidate B,Candidate C,Candidate E,Candidate G
D8A6G7N,Candidate A,Candidate B,Candidate C,Candidate E,Candidate G
B8LR6GU,Candidate A,Candidate B,Candidate C,Candidate E,Candidate F
CcR3ejA,Candidate A,Candidate B,Candidate C,Candidate E,Candidate G
4Deom3t,Candidate A,Candidate B,Candidate C,Candidate E,Candidate F
2CMbvxh,Candidate A,Candidate B,Candidate C,Candidate E,Candidate G
zRe4BD2,Candidate A,Candidate B,Candidate C,Candidate E,Candidate G
q9KsqxE,Candidate A,Candidate B,Candidate C,Candidate E,Candidate G
GWKv22E,Candidate A,Candidate B,Candidate C,Candidate E,Candidate F
LNzaCPX,Candidate A,Candidate B,Candidate C,Candidate E,Candidate G
zeYHPzq,Candidate A,Candidate B,Candidate D,Candidate E,Candidate G
zcxkD3k,Candidate A,Candidate B,Candidate C,Candidate E,Candidate F
y8ietTb,Candidate A,Candidate B,Candidate C,Candidate E,Candidate F
AgFCVL9,Candidate A,Candidate B,Candidate D,Candidate E,Candidate G
L4xGpiX,Candidate A,Candidate B,Candidate C,Candidate E,Candidate F
vZ2ATNb,Candidate A,Candidate B,Candidate C,Candidate E,Candidate G
63kfNrj,Candidate A,Candidate B,Candidate C,Candidate E,Candidate G
aebfTr4,Candidate A,Candidate B,Candidate C,Candidate E,Candidate G
MDbHGze,Candidate A,Candidate B,Candidate C,Candidate E,Candidate G
TaJvzWT,Candidate A,Candidate B,Candidate C,Candidate E,Candidate F
4CV2Dgd,Candidate A,Candidate B,Candidate D,Candidate E,Candidate G
dpfWbTM,Candidate A,Candidate B,Candidate C,Candidate E,Candidate F
8wnKMz3,Candidate A,Candidate B,Candidate C,Candidate E,Candidate G
YyTisUM,Candidate A,Candidate B,Candidate D,Candidate E,Candidate G
8DahLb6,Candidate A,Candidate B,Candidate C,Candidate E,Candidate G
Vmpd3Bc,Candidate A,Candidate B,Candidate D,Candidate E,Candidate F
YEoheDU,Candidate A,Candidate B,Candidate D,Candidate E,Candidate F
wbKyqMi,Candidate A,Candidate B,Candidate C,Candidate E,Candidate F
dFPNb8d,Candidate A,Candidate B,Candidate C,Candidate E,Candidate G
Xt83egY,Candidate A,Candidate B,Candidate C,Candidate E,Candidate F
WydXKyq,Candidate A,Candidate B,Candidate C,Candidate E,Candidate G
ypBrgXE,Candidate A,Candidate B,Candidate C,Candidate E,Candidate G
8DasUP4,Candidate A,Candidate B,Candidate C,Candidate E,Candidate F
cTyTonw,Candidate A,Candidate B,Candidate C,Candidate E,Candidate F
hTBRaCL,Candidate A,Candidate B,Candidate C,Candidate E,Candidate F
hJdWErk,Candidate A,Candidate B,Candidate D,Candidate E,Candidate G
jK2fGyz,Candidate A,Candidate B,Candidate C,Candidate E,Candidate G
y4uaNzi,Candidate A,Candidate B,Candidate C,Candidate E,Candidate F
K7D6V4h,Candidate A,Candidate B,Candidate C,Candidate E,Candidate F
4qAhkit,Candidate A,Candidate B,Candidate D,Candidate E,Candidate F
DHwVYXE,Candidate A,Candidate B,Candidate C,Candidate E,Candidate F
kDRr7wA,Candidate A,Candidate B,Candidate D,Candidate E,Candidate F
7R6xj6D,Candidate A,Candidate B,Candidate C,Candidate E,Candidate F
zw2rnRk,Candidate A,Candidate B,Candidate D,Candidate E,Candidate F
Nwh8zhN,Candidate A,Candidate B,Candidate C,Candidate E,Candidate F
EaAbRhU,Candidate A,Candidate B,Candidate D,Candidate E,Candidate F
dHpeL2C,Candidate A,Candidate B,Candidate D,Candidate E,Candidate G
p3VbHge,Candidate A,Candidate B,Candidate C,Candidate E,Candidate F
3eATXsd,Candidate A,Candidate B,Candidate D,Candidate E,Candidate G
2gEsk7h,Candidate A,Candidate B,Candidate C,,Candidate G
uFxmyxW,Candidate A,Candidate B,Candidate C,Candidate E,Candidate G
9Hfeo6f,Candidate A,Candidate B,Candidate C,Candidate E,Candidate G
2oRTToG,Candidate A,Candidate B,Candidate C,Candidate E,Candidate F
RbKKg4K,Candidate A,Candidate B,Candidate D,Candidate E,Candidate F
mjm9ou2,Candidate A,Candidate B,Candidate D,Candidate E,Candidate G